dateRep,day,month,year,cases,deaths,countriesAndTerritories,geoId,countryterritoryCode,popData2019,continentExp,Cumulative_number_for_14_days_of_COVID-19_cases_per_100000
14-07-2020,14,7,2020,4,2,Afghanistan,AF,AFG,38041757,Asia,8.4564969
13-07-2020,13,7,2020,0,0,Afghanistan,AF,AFG,38041757,Asia,9.15835722
12-07-2020,12,7,2020,85,16,Afghanistan,AF,AFG,38041757,Asia,10.08102754
11-07-2020,11,7,2020,458,37,Afghanistan,AF,AFG,38041757,Asia,10.29132277
10-07-2020,10,7,2020,255,20,Afghanistan,AF,AFG,38041757,Asia,9.81290112
09-07-2020,9,7,2020,59,1,Afghanistan,AF,AFG,38041757,Asia,10.35178265
08-07-2020,8,7,2020,210,16,Afghanistan,AF,AFG,38041757,Asia,10.81180346
07-07-2020,7,7,2020,433,56,Afghanistan,AF,AFG,38041757,Asia,11.14827583
06-07-2020,6,7,2020,279,38,Afghanistan,AF,AFG,38041757,Asia,10.82494691
05-07-2020,5,7,2020,348,7,Afghanistan,AF,AFG,38041757,Asia,11.16667666
04-07-2020,4,7,2020,302,12,Afghanistan,AF,AFG,38041757,Asia,11.68715735
03-07-2020,3,7,2020,186,33,Afghanistan,AF,AFG,38041757,Asia,11.80281973
02-07-2020,2,7,2020,319,28,Afghanistan,AF,AFG,38041757,Asia,13.04356158
01-07-2020,1,7,2020,279,13,Afghanistan,AF,AFG,38041757,Asia,13.68759072
30-06-2020,30,6,2020,271,12,Afghanistan,AF,AFG,38041757,Asia,15.01245066
29-06-2020,29,6,2020,351,18,Afghanistan,AF,AFG,38041757,Asia,16.30050894
28-06-2020,28,6,2020,165,20,Afghanistan,AF,AFG,38041757,Asia,17.12328902
27-06-2020,27,6,2020,276,8,Afghanistan,AF,AFG,38041757,Asia,18.15110695
26-06-2020,26,6,2020,460,36,Afghanistan,AF,AFG,38041757,Asia,19.15000929
25-06-2020,25,6,2020,234,21,Afghanistan,AF,AFG,38041757,Asia,19.90444343
24-06-2020,24,6,2020,338,20,Afghanistan,AF,AFG,38041757,Asia,21.08735409
23-06-2020,23,6,2020,310,17,Afghanistan,AF,AFG,38041757,Asia,21.62360692
22-06-2020,22,6,2020,409,12,Afghanistan,AF,AFG,38041757,Asia,22.32020987
21-06-2020,21,6,2020,546,21,Afghanistan,AF,AFG,38041757,Asia,23.32436959
20-06-2020,20,6,2020,346,2,Afghanistan,AF,AFG,38041757,Asia,23.41900244
19-06-2020,19,6,2020,658,42,Afghanistan,AF,AFG,38041757,Asia,24.91472726
18-06-2020,18,6,2020,564,13,Afghanistan,AF,AFG,38041757,Asia,25.25382831
17-06-2020,17,6,2020,783,13,Afghanistan,AF,AFG,38041757,Asia,25.76379424
16-06-2020,16,6,2020,761,7,Afghanistan,AF,AFG,38041757,Asia,25.70070567
15-06-2020,15,6,2020,664,20,Afghanistan,AF,AFG,38041757,Asia,25.13290856
14-06-2020,14,6,2020,556,5,Afghanistan,AF,AFG,38041757,Asia,25.1749676
13-06-2020,13,6,2020,656,20,Afghanistan,AF,AFG,38041757,Asia,25.98986161
12-06-2020,12,6,2020,747,21,Afghanistan,AF,AFG,38041757,Asia,25.90311483
11-06-2020,11,6,2020,684,21,Afghanistan,AF,AFG,38041757,Asia,25.46412354
10-06-2020,10,6,2020,542,15,Afghanistan,AF,AFG,38041757,Asia,25.30903081
09-06-2020,9,6,2020,575,12,Afghanistan,AF,AFG,38041757,Asia,25.61395889
08-06-2020,8,6,2020,791,30,Afghanistan,AF,AFG,38041757,Asia,25.65601794
07-06-2020,7,6,2020,582,18,Afghanistan,AF,AFG,38041757,Asia,25.11187903
06-06-2020,6,6,2020,915,9,Afghanistan,AF,AFG,38041757,Asia,25.63761711
05-06-2020,5,6,2020,787,6,Afghanistan,AF,AFG,38041757,Asia,24.65185822
04-06-2020,4,6,2020,758,24,Afghanistan,AF,AFG,38041757,Asia,23.97891349
03-06-2020,3,6,2020,759,5,Afghanistan,AF,AFG,38041757,Asia,23.27968185
02-06-2020,2,6,2020,545,8,Afghanistan,AF,AFG,38041757,Asia,22.81177497
01-06-2020,1,6,2020,680,8,Afghanistan,AF,AFG,38041757,Asia,22.45164439
31-05-2020,31,5,2020,866,3,Afghanistan,AF,AFG,38041757,Asia,21.35285181
30-05-2020,30,5,2020,623,11,Afghanistan,AF,AFG,38041757,Asia,19.07640596
29-05-2020,29,5,2020,580,8,Afghanistan,AF,AFG,38041757,Asia,20.23302972
28-05-2020,28,5,2020,625,7,Afghanistan,AF,AFG,38041757,Asia,19.00543132
27-05-2020,27,5,2020,658,1,Afghanistan,AF,AFG,38041757,Asia,18.04333065
26-05-2020,26,5,2020,591,1,Afghanistan,AF,AFG,38041757,Asia,17.04968569
25-05-2020,25,5,2020,584,2,Afghanistan,AF,AFG,38041757,Asia,16.24530644
24-05-2020,24,5,2020,782,11,Afghanistan,AF,AFG,38041757,Asia,15.68013801
23-05-2020,23,5,2020,540,12,Afghanistan,AF,AFG,38041757,Asia,14.29481819
22-05-2020,22,5,2020,531,6,Afghanistan,AF,AFG,38041757,Asia,13.44049382
21-05-2020,21,5,2020,492,9,Afghanistan,AF,AFG,38041757,Asia,12.49416529
20-05-2020,20,5,2020,581,5,Afghanistan,AF,AFG,38041757,Asia,11.64246962
19-05-2020,19,5,2020,408,4,Afghanistan,AF,AFG,38041757,Asia,10.98266833
18-05-2020,18,5,2020,262,1,Afghanistan,AF,AFG,38041757,Asia,10.40961384
17-05-2020,17,5,2020,0,0,Afghanistan,AF,AFG,38041757,Asia,10.3386392
16-05-2020,16,5,2020,1063,32,Afghanistan,AF,AFG,38041757,Asia,10.6908837
15-05-2020,15,5,2020,113,6,Afghanistan,AF,AFG,38041757,Asia,8.32769107
14-05-2020,14,5,2020,259,3,Afghanistan,AF,AFG,38041757,Asia,8.61421832
13-05-2020,13,5,2020,280,5,Afghanistan,AF,AFG,38041757,Asia,8.25408774
12-05-2020,12,5,2020,285,2,Afghanistan,AF,AFG,38041757,Asia,7.84401204
11-05-2020,11,5,2020,369,5,Afghanistan,AF,AFG,38041757,Asia,7.54697003
10-05-2020,10,5,2020,255,6,Afghanistan,AF,AFG,38041757,Asia,6.75573423
09-05-2020,9,5,2020,215,3,Afghanistan,AF,AFG,38041757,Asia,6.37983151
08-05-2020,8,5,2020,171,2,Afghanistan,AF,AFG,38041757,Asia,5.99867141
07-05-2020,7,5,2020,168,9,Afghanistan,AF,AFG,38041757,Asia,5.82517784
06-05-2020,6,5,2020,330,5,Afghanistan,AF,AFG,38041757,Asia,5.60436785
05-05-2020,5,5,2020,190,5,Afghanistan,AF,AFG,38041757,Asia,4.89725015
04-05-2020,4,5,2020,235,13,Afghanistan,AF,AFG,38041757,Asia,4.48980314
03-05-2020,3,5,2020,134,4,Afghanistan,AF,AFG,38041757,Asia,4.10338566
02-05-2020,2,5,2020,164,4,Afghanistan,AF,AFG,38041757,Asia,3.91674864
01-05-2020,1,5,2020,222,4,Afghanistan,AF,AFG,38041757,Asia,3.61970663
30-04-2020,30,4,2020,122,0,Afghanistan,AF,AFG,38041757,Asia,3.06242427
29-04-2020,29,4,2020,124,3,Afghanistan,AF,AFG,38041757,Asia,2.92573237
28-04-2020,28,4,2020,172,0,Afghanistan,AF,AFG,38041757,Asia,2.7285806
27-04-2020,27,4,2020,68,10,Afghanistan,AF,AFG,38041757,Asia,2.42890989
26-04-2020,26,4,2020,112,4,Afghanistan,AF,AFG,38041757,Asia,2.38685085
25-04-2020,25,4,2020,70,1,Afghanistan,AF,AFG,38041757,Asia,2.181813
24-04-2020,24,4,2020,105,2,Afghanistan,AF,AFG,38041757,Asia,2.09506622
23-04-2020,23,4,2020,84,4,Afghanistan,AF,AFG,38041757,Asia,1.97940384
22-04-2020,22,4,2020,61,1,Afghanistan,AF,AFG,38041757,Asia,1.90580051
21-04-2020,21,4,2020,35,2,Afghanistan,AF,AFG,38041757,Asia,1.82431111
20-04-2020,20,4,2020,88,3,Afghanistan,AF,AFG,38041757,Asia,1.83219718
19-04-2020,19,4,2020,63,0,Afghanistan,AF,AFG,38041757,Asia,1.67710445
18-04-2020,18,4,2020,51,1,Afghanistan,AF,AFG,38041757,Asia,1.60350112
17-04-2020,17,4,2020,10,4,Afghanistan,AF,AFG,38041757,Asia,1.46943791
16-04-2020,16,4,2020,70,2,Afghanistan,AF,AFG,38041757,Asia,1.55618469
15-04-2020,15,4,2020,49,2,Afghanistan,AF,AFG,38041757,Asia,1.44052232
14-04-2020,14,4,2020,58,3,Afghanistan,AF,AFG,38041757,Asia,1.37743375
13-04-2020,13,4,2020,52,0,Afghanistan,AF,AFG,38041757,Asia,1.29594435
12-04-2020,12,4,2020,34,3,Afghanistan,AF,AFG,38041757,Asia,1.18028197
11-04-2020,11,4,2020,37,0,Afghanistan,AF,AFG,38041757,Asia,1.13033686
10-04-2020,10,4,2020,61,1,Afghanistan,AF,AFG,38041757,Asia,1.07513436
09-04-2020,9,4,2020,56,3,Afghanistan,AF,AFG,38041757,Asia,0.91478425
08-04-2020,8,4,2020,30,4,Afghanistan,AF,AFG,38041757,Asia,0.85432437
07-04-2020,7,4,2020,38,0,Afghanistan,AF,AFG,38041757,Asia,0.78072104
06-04-2020,6,4,2020,29,2,Afghanistan,AF,AFG,38041757,Asia,0.69660295
05-04-2020,5,4,2020,35,1,Afghanistan,AF,AFG,38041757,Asia,0.64665783
04-04-2020,4,4,2020,0,0,Afghanistan,AF,AFG,38041757,Asia,0.55465367
03-04-2020,3,4,2020,43,0,Afghanistan,AF,AFG,38041757,Asia,0.55991105
02-04-2020,2,4,2020,26,0,Afghanistan,AF,AFG,38041757,Asia,0.44687736
01-04-2020,1,4,2020,25,0,Afghanistan,AF,AFG,38041757,Asia,0.37853141
31-03-2020,31,3,2020,27,0,Afghanistan,AF,AFG,38041757,Asia,0.31544284
30-03-2020,30,3,2020,8,1,Afghanistan,AF,AFG,38041757,Asia,0.25761166
29-03-2020,29,3,2020,15,1,Afghanistan,AF,AFG,38041757,Asia,0.25235427
28-03-2020,28,3,2020,16,1,Afghanistan,AF,AFG,38041757,Asia,0.22080999
27-03-2020,27,3,2020,0,0,Afghanistan,AF,AFG,38041757,Asia,0.18663702
26-03-2020,26,3,2020,33,0,Afghanistan,AF,AFG,38041757,Asia,0.19452309
25-03-2020,25,3,2020,2,0,Afghanistan,AF,AFG,38041757,Asia,0.1077763
24-03-2020,24,3,2020,6,1,Afghanistan,AF,AFG,38041757,Asia,0.10251892
23-03-2020,23,3,2020,10,0,Afghanistan,AF,AFG,38041757,Asia,0.08674678
22-03-2020,22,3,2020,0,0,Afghanistan,AF,AFG,38041757,Asia,0.06045988
21-03-2020,21,3,2020,2,0,Afghanistan,AF,AFG,38041757,Asia,0.06045988
20-03-2020,20,3,2020,0,0,Afghanistan,AF,AFG,38041757,Asia,0.0552025
19-03-2020,19,3,2020,0,0,Afghanistan,AF,AFG,38041757,Asia,0.05783119
18-03-2020,18,3,2020,1,0,Afghanistan,AF,AFG,38041757,Asia,0.05783119
17-03-2020,17,3,2020,5,0,Afghanistan,AF,AFG,38041757,Asia,0.0552025
16-03-2020,16,3,2020,6,0,Afghanistan,AF,AFG,38041757,Asia,0.04205905
15-03-2020,15,3,2020,3,0,Afghanistan,AF,AFG,38041757,Asia,0.0262869
11-03-2020,11,3,2020,3,0,Afghanistan,AF,AFG,38041757,Asia,0.01840083
08-03-2020,8,3,2020,3,0,Afghanistan,AF,AFG,38041757,Asia,0.01051476
02-03-2020,2,3,2020,0,0,Afghanistan,AF,AFG,38041757,Asia,0.00262869
01-03-2020,1,3,2020,0,0,Afghanistan,AF,AFG,38041757,Asia,0.00262869
29-02-2020,29,2,2020,0,0,Afghanistan,AF,AFG,38041757,Asia,0.00262869
28-02-2020,28,2,2020,0,0,Afghanistan,AF,AFG,38041757,Asia,0.00262869
27-02-2020,27,2,2020,0,0,Afghanistan,AF,AFG,38041757,Asia,0.00262869
26-02-2020,26,2,2020,0,0,Afghanistan,AF,AFG,38041757,Asia,0.00262869
25-02-2020,25,2,2020,1,0,Afghanistan,AF,AFG,38041757,Asia,0.00262869
24-02-2020,24,2,2020,0,0,Afghanistan,AF,AFG,38041757,Asia,0
23-02-2020,23,2,2020,0,0,Afghanistan,AF,AFG,38041757,Asia,0
22-02-2020,22,2,2020,0,0,Afghanistan,AF,AFG,38041757,Asia,0
21-02-2020,21,2,2020,0,0,Afghanistan,AF,AFG,38041757,Asia,0
20-02-2020,20,2,2020,0,0,Afghanistan,AF,AFG,38041757,Asia,0
19-02-2020,19,2,2020,0,0,Afghanistan,AF,AFG,38041757,Asia,0
18-02-2020,18,2,2020,0,0,Afghanistan,AF,AFG,38041757,Asia,0
17-02-2020,17,2,2020,0,0,Afghanistan,AF,AFG,38041757,Asia,0
16-02-2020,16,2,2020,0,0,Afghanistan,AF,AFG,38041757,Asia,0
15-02-2020,15,2,2020,0,0,Afghanistan,AF,AFG,38041757,Asia,0
14-02-2020,14,2,2020,0,0,Afghanistan,AF,AFG,38041757,Asia,0
13-02-2020,13,2,2020,0,0,Afghanistan,AF,AFG,38041757,Asia,0
12-02-2020,12,2,2020,0,0,Afghanistan,AF,AFG,38041757,Asia,0
11-02-2020,11,2,2020,0,0,Afghanistan,AF,AFG,38041757,Asia,0
10-02-2020,10,2,2020,0,0,Afghanistan,AF,AFG,38041757,Asia,0
09-02-2020,9,2,2020,0,0,Afghanistan,AF,AFG,38041757,Asia,0
08-02-2020,8,2,2020,0,0,Afghanistan,AF,AFG,38041757,Asia,0
07-02-2020,7,2,2020,0,0,Afghanistan,AF,AFG,38041757,Asia,0
06-02-2020,6,2,2020,0,0,Afghanistan,AF,AFG,38041757,Asia,0
05-02-2020,5,2,2020,0,0,Afghanistan,AF,AFG,38041757,Asia,0
04-02-2020,4,2,2020,0,0,Afghanistan,AF,AFG,38041757,Asia,0
03-02-2020,3,2,2020,0,0,Afghanistan,AF,AFG,38041757,Asia,0
02-02-2020,2,2,2020,0,0,Afghanistan,AF,AFG,38041757,Asia,0
01-02-2020,1,2,2020,0,0,Afghanistan,AF,AFG,38041757,Asia,0
31-01-2020,31,1,2020,0,0,Afghanistan,AF,AFG,38041757,Asia,0
30-01-2020,30,1,2020,0,0,Afghanistan,AF,AFG,38041757,Asia,0
29-01-2020,29,1,2020,0,0,Afghanistan,AF,AFG,38041757,Asia,0
28-01-2020,28,1,2020,0,0,Afghanistan,AF,AFG,38041757,Asia,0
27-01-2020,27,1,2020,0,0,Afghanistan,AF,AFG,38041757,Asia,0
26-01-2020,26,1,2020,0,0,Afghanistan,AF,AFG,38041757,Asia,0
25-01-2020,25,1,2020,0,0,Afghanistan,AF,AFG,38041757,Asia,0
24-01-2020,24,1,2020,0,0,Afghanistan,AF,AFG,38041757,Asia,0
23-01-2020,23,1,2020,0,0,Afghanistan,AF,AFG,38041757,Asia,0
22-01-2020,22,1,2020,0,0,Afghanistan,AF,AFG,38041757,Asia,0
21-01-2020,21,1,2020,0,0,Afghanistan,AF,AFG,38041757,Asia,0
20-01-2020,20,1,2020,0,0,Afghanistan,AF,AFG,38041757,Asia,0
19-01-2020,19,1,2020,0,0,Afghanistan,AF,AFG,38041757,Asia,0
18-01-2020,18,1,2020,0,0,Afghanistan,AF,AFG,38041757,Asia,0
17-01-2020,17,1,2020,0,0,Afghanistan,AF,AFG,38041757,Asia,0
16-01-2020,16,1,2020,0,0,Afghanistan,AF,AFG,38041757,Asia,0
15-01-2020,15,1,2020,0,0,Afghanistan,AF,AFG,38041757,Asia,0
14-01-2020,14,1,2020,0,0,Afghanistan,AF,AFG,38041757,Asia,0
13-01-2020,13,1,2020,0,0,Afghanistan,AF,AFG,38041757,Asia,0
12-01-2020,12,1,2020,0,0,Afghanistan,AF,AFG,38041757,Asia,
11-01-2020,11,1,2020,0,0,Afghanistan,AF,AFG,38041757,Asia,
10-01-2020,10,1,2020,0,0,Afghanistan,AF,AFG,38041757,Asia,
09-01-2020,9,1,2020,0,0,Afghanistan,AF,AFG,38041757,Asia,
08-01-2020,8,1,2020,0,0,Afghanistan,AF,AFG,38041757,Asia,
07-01-2020,7,1,2020,0,0,Afghanistan,AF,AFG,38041757,Asia,
06-01-2020,6,1,2020,0,0,Afghanistan,AF,AFG,38041757,Asia,
05-01-2020,5,1,2020,0,0,Afghanistan,AF,AFG,38041757,Asia,
04-01-2020,4,1,2020,0,0,Afghanistan,AF,AFG,38041757,Asia,
03-01-2020,3,1,2020,0,0,Afghanistan,AF,AFG,38041757,Asia,
02-01-2020,2,1,2020,0,0,Afghanistan,AF,AFG,38041757,Asia,
01-01-2020,1,1,2020,0,0,Afghanistan,AF,AFG,38041757,Asia,
31-12-2019,31,12,2019,0,0,Afghanistan,AF,AFG,38041757,Asia,
14-07-2020,14,7,2020,117,2,Albania,AL,ALB,2862427,Europe,38.60360456
13-07-2020,13,7,2020,83,4,Albania,AL,ALB,2862427,Europe,36.75202896
12-07-2020,12,7,2020,93,4,Albania,AL,ALB,2862427,Europe,36.36773968
11-07-2020,11,7,2020,90,2,Albania,AL,ALB,2862427,Europe,35.24980724
10-07-2020,10,7,2020,82,0,Albania,AL,ALB,2862427,Europe,34.79564719
09-07-2020,9,7,2020,68,2,Albania,AL,ALB,2862427,Europe,34.65590564
08-07-2020,8,7,2020,74,2,Albania,AL,ALB,2862427,Europe,34.62097025
07-07-2020,7,7,2020,71,3,Albania,AL,ALB,2862427,Europe,33.85239169
06-07-2020,6,7,2020,74,2,Albania,AL,ALB,2862427,Europe,33.74758553
05-07-2020,5,7,2020,67,2,Albania,AL,ALB,2862427,Europe,32.42004076
04-07-2020,4,7,2020,90,3,Albania,AL,ALB,2862427,Europe,31.93094531
03-07-2020,3,7,2020,82,4,Albania,AL,ALB,2862427,Europe,30.53352976
02-07-2020,2,7,2020,45,3,Albania,AL,ALB,2862427,Europe,29.97456354
01-07-2020,1,7,2020,69,4,Albania,AL,ALB,2862427,Europe,30.14924049
30-06-2020,30,6,2020,64,3,Albania,AL,ALB,2862427,Europe,30.60340054
29-06-2020,29,6,2020,72,2,Albania,AL,ALB,2862427,Europe,30.77807748
28-06-2020,28,6,2020,61,2,Albania,AL,ALB,2862427,Europe,30.25404665
27-06-2020,27,6,2020,77,2,Albania,AL,ALB,2862427,Europe,29.7998866
26-06-2020,26,6,2020,78,2,Albania,AL,ALB,2862427,Europe,28.19285872
25-06-2020,25,6,2020,67,2,Albania,AL,ALB,2862427,Europe,27.0050555
24-06-2020,24,6,2020,52,1,Albania,AL,ALB,2862427,Europe,26.13167078
23-06-2020,23,6,2020,68,0,Albania,AL,ALB,2862427,Europe,25.57270456
22-06-2020,22,6,2020,36,1,Albania,AL,ALB,2862427,Europe,23.79099974
21-06-2020,21,6,2020,53,1,Albania,AL,ALB,2862427,Europe,23.02242118
20-06-2020,20,6,2020,50,3,Albania,AL,ALB,2862427,Europe,21.86955335
19-06-2020,19,6,2020,66,1,Albania,AL,ALB,2862427,Europe,20.64681475
18-06-2020,18,6,2020,50,1,Albania,AL,ALB,2862427,Europe,18.79523914
17-06-2020,17,6,2020,82,1,Albania,AL,ALB,2862427,Europe,17.74717748
16-06-2020,16,6,2020,69,0,Albania,AL,ALB,2862427,Europe,15.61611877
15-06-2020,15,6,2020,57,0,Albania,AL,ALB,2862427,Europe,13.41518928
14-06-2020,14,6,2020,48,0,Albania,AL,ALB,2862427,Europe,11.94790295
13-06-2020,13,6,2020,31,1,Albania,AL,ALB,2862427,Europe,11.07451823
12-06-2020,12,6,2020,44,1,Albania,AL,ALB,2862427,Europe,10.79503512
11-06-2020,11,6,2020,42,0,Albania,AL,ALB,2862427,Europe,10.16619812
10-06-2020,10,6,2020,36,0,Albania,AL,ALB,2862427,Europe,9.43255496
09-06-2020,9,6,2020,17,0,Albania,AL,ALB,2862427,Europe,9.04826569
08-06-2020,8,6,2020,14,0,Albania,AL,ALB,2862427,Europe,8.66397641
07-06-2020,7,6,2020,20,1,Albania,AL,ALB,2862427,Europe,8.48929947
06-06-2020,6,6,2020,15,0,Albania,AL,ALB,2862427,Europe,8.0700748
05-06-2020,5,6,2020,13,0,Albania,AL,ALB,2862427,Europe,7.96526863
04-06-2020,4,6,2020,20,0,Albania,AL,ALB,2862427,Europe,7.68578552
03-06-2020,3,6,2020,21,0,Albania,AL,ALB,2862427,Europe,7.51110858
02-06-2020,2,6,2020,6,0,Albania,AL,ALB,2862427,Europe,6.81240081
01-06-2020,1,6,2020,15,0,Albania,AL,ALB,2862427,Europe,6.67265925
31-05-2020,31,5,2020,23,0,Albania,AL,ALB,2862427,Europe,6.60278847
30-05-2020,30,5,2020,23,0,Albania,AL,ALB,2862427,Europe,6.39317614
29-05-2020,29,5,2020,26,0,Albania,AL,ALB,2862427,Europe,6.2184992
28-05-2020,28,5,2020,21,0,Albania,AL,ALB,2862427,Europe,5.93901609
27-05-2020,27,5,2020,25,1,Albania,AL,ALB,2862427,Europe,5.34511448
26-05-2020,26,5,2020,6,0,Albania,AL,ALB,2862427,Europe,4.61147131
25-05-2020,25,5,2020,9,1,Albania,AL,ALB,2862427,Europe,4.54160054
24-05-2020,24,5,2020,8,0,Albania,AL,ALB,2862427,Europe,4.6464067
23-05-2020,23,5,2020,12,0,Albania,AL,ALB,2862427,Europe,4.57653593
22-05-2020,22,5,2020,5,0,Albania,AL,ALB,2862427,Europe,4.43679437
21-05-2020,21,5,2020,15,0,Albania,AL,ALB,2862427,Europe,4.61147131
20-05-2020,20,5,2020,1,0,Albania,AL,ALB,2862427,Europe,4.50666515
19-05-2020,19,5,2020,2,0,Albania,AL,ALB,2862427,Europe,5.06563137
18-05-2020,18,5,2020,13,0,Albania,AL,ALB,2862427,Europe,5.2752437
17-05-2020,17,5,2020,17,0,Albania,AL,ALB,2862427,Europe,5.03069598
16-05-2020,16,5,2020,18,0,Albania,AL,ALB,2862427,Europe,4.68134209
15-05-2020,15,5,2020,18,0,Albania,AL,ALB,2862427,Europe,4.36692359
14-05-2020,14,5,2020,4,0,Albania,AL,ALB,2862427,Europe,3.98263432
13-05-2020,13,5,2020,4,0,Albania,AL,ALB,2862427,Europe,4.40185898
12-05-2020,12,5,2020,4,0,Albania,AL,ALB,2862427,Europe,4.75121287
11-05-2020,11,5,2020,12,0,Albania,AL,ALB,2862427,Europe,4.9608252
10-05-2020,10,5,2020,6,0,Albania,AL,ALB,2862427,Europe,5.03069598
09-05-2020,9,5,2020,8,0,Albania,AL,ALB,2862427,Europe,6.00888686
08-05-2020,8,5,2020,10,0,Albania,AL,ALB,2862427,Europe,6.25343459
07-05-2020,7,5,2020,12,0,Albania,AL,ALB,2862427,Europe,6.91720697
06-05-2020,6,5,2020,17,0,Albania,AL,ALB,2862427,Europe,7.37136703
05-05-2020,5,5,2020,8,0,Albania,AL,ALB,2862427,Europe,7.65085014
04-05-2020,4,5,2020,6,0,Albania,AL,ALB,2862427,Europe,8.13994558
03-05-2020,3,5,2020,7,0,Albania,AL,ALB,2862427,Europe,8.41942869
02-05-2020,2,5,2020,9,0,Albania,AL,ALB,2862427,Europe,8.48929947
01-05-2020,1,5,2020,7,0,Albania,AL,ALB,2862427,Europe,8.90852413
30-04-2020,30,4,2020,16,1,Albania,AL,ALB,2862427,Europe,9.50242574
29-04-2020,29,4,2020,14,2,Albania,AL,ALB,2862427,Europe,9.6072319
28-04-2020,28,4,2020,10,0,Albania,AL,ALB,2862427,Europe,9.39761957
27-04-2020,27,4,2020,14,1,Albania,AL,ALB,2862427,Europe,9.78190885
26-04-2020,26,4,2020,34,0,Albania,AL,ALB,2862427,Europe,9.74697346
25-04-2020,25,4,2020,15,0,Albania,AL,ALB,2862427,Europe,9.15307185
24-04-2020,24,4,2020,29,0,Albania,AL,ALB,2862427,Europe,8.87358874
23-04-2020,23,4,2020,25,1,Albania,AL,ALB,2862427,Europe,8.17488097
22-04-2020,22,4,2020,25,0,Albania,AL,ALB,2862427,Europe,7.89539786
21-04-2020,21,4,2020,22,0,Albania,AL,ALB,2862427,Europe,7.23162547
20-04-2020,20,4,2020,14,0,Albania,AL,ALB,2862427,Europe,7.02201314
19-04-2020,19,4,2020,9,0,Albania,AL,ALB,2862427,Europe,7.51110858
18-04-2020,18,4,2020,21,0,Albania,AL,ALB,2862427,Europe,8.20981636
17-04-2020,17,4,2020,24,1,Albania,AL,ALB,2862427,Europe,8.41942869
16-04-2020,16,4,2020,19,1,Albania,AL,ALB,2862427,Europe,8.20981636
15-04-2020,15,4,2020,8,1,Albania,AL,ALB,2862427,Europe,8.10501019
14-04-2020,14,4,2020,21,0,Albania,AL,ALB,2862427,Europe,8.52423485
13-04-2020,13,4,2020,13,0,Albania,AL,ALB,2862427,Europe,8.17488097
12-04-2020,12,4,2020,17,0,Albania,AL,ALB,2862427,Europe,8.24475174
11-04-2020,11,4,2020,7,0,Albania,AL,ALB,2862427,Europe,8.03513941
10-04-2020,10,4,2020,9,1,Albania,AL,ALB,2862427,Europe,8.20981636
09-04-2020,9,4,2020,17,0,Albania,AL,ALB,2862427,Europe,8.87358874
08-04-2020,8,4,2020,6,0,Albania,AL,ALB,2862427,Europe,9.08320107
07-04-2020,7,4,2020,16,1,Albania,AL,ALB,2862427,Europe,9.67710268
06-04-2020,6,4,2020,28,2,Albania,AL,ALB,2862427,Europe,9.50242574
05-04-2020,5,4,2020,29,2,Albania,AL,ALB,2862427,Europe,8.97839491
04-04-2020,4,4,2020,27,1,Albania,AL,ALB,2862427,Europe,8.17488097
03-04-2020,3,4,2020,18,1,Albania,AL,ALB,2862427,Europe,7.23162547
02-04-2020,2,4,2020,16,0,Albania,AL,ALB,2862427,Europe,6.98707775
01-04-2020,1,4,2020,20,3,Albania,AL,ALB,2862427,Europe,6.56785308
31-03-2020,31,3,2020,11,2,Albania,AL,ALB,2862427,Europe,6.00888686
30-03-2020,30,3,2020,15,0,Albania,AL,ALB,2862427,Europe,5.93901609
29-03-2020,29,3,2020,11,1,Albania,AL,ALB,2862427,Europe,5.55472681
28-03-2020,28,3,2020,12,3,Albania,AL,ALB,2862427,Europe,5.34511448
27-03-2020,27,3,2020,28,1,Albania,AL,ALB,2862427,Europe,5.2752437
26-03-2020,26,3,2020,23,0,Albania,AL,ALB,2862427,Europe,4.71627748
25-03-2020,25,3,2020,23,1,Albania,AL,ALB,2862427,Europe,3.94769893
24-03-2020,24,3,2020,11,2,Albania,AL,ALB,2862427,Europe,3.28392654
23-03-2020,23,3,2020,13,0,Albania,AL,ALB,2862427,Europe,3.03937882
22-03-2020,22,3,2020,6,0,Albania,AL,ALB,2862427,Europe,2.65508954
21-03-2020,21,3,2020,0,0,Albania,AL,ALB,2862427,Europe,
20-03-2020,20,3,2020,11,0,Albania,AL,ALB,2862427,Europe,
19-03-2020,19,3,2020,4,1,Albania,AL,ALB,2862427,Europe,
18-03-2020,18,3,2020,4,0,Albania,AL,ALB,2862427,Europe,
17-03-2020,17,3,2020,9,0,Albania,AL,ALB,2862427,Europe,
16-03-2020,16,3,2020,4,0,Albania,AL,ALB,2862427,Europe,
15-03-2020,15,3,2020,5,0,Albania,AL,ALB,2862427,Europe,
14-03-2020,14,3,2020,10,0,Albania,AL,ALB,2862427,Europe,
13-03-2020,13,3,2020,12,0,Albania,AL,ALB,2862427,Europe,
12-03-2020,12,3,2020,1,1,Albania,AL,ALB,2862427,Europe,
11-03-2020,11,3,2020,4,0,Albania,AL,ALB,2862427,Europe,
10-03-2020,10,3,2020,4,0,Albania,AL,ALB,2862427,Europe,
09-03-2020,9,3,2020,2,0,Albania,AL,ALB,2862427,Europe,
14-07-2020,14,7,2020,494,7,Algeria,DZ,DZA,43053054,Africa,14.21037402
13-07-2020,13,7,2020,483,7,Algeria,DZ,DZA,43053054,Africa,13.75512176
12-07-2020,12,7,2020,904,16,Algeria,DZ,DZA,43053054,Africa,13.34167839
11-07-2020,11,7,2020,0,0,Algeria,DZ,DZA,43053054,Africa,11.899272
10-07-2020,10,7,2020,460,10,Algeria,DZ,DZA,43053054,Africa,12.45672374
09-07-2020,9,7,2020,469,10,Algeria,DZ,DZA,43053054,Africa,11.84584954
08-07-2020,8,7,2020,475,9,Algeria,DZ,DZA,43053054,Africa,11.15600301
07-07-2020,7,7,2020,463,7,Algeria,DZ,DZA,43053054,Africa,10.41505673
06-07-2020,6,7,2020,441,6,Algeria,DZ,DZA,43053054,Africa,9.68572404
05-07-2020,5,7,2020,430,9,Algeria,DZ,DZA,43053054,Africa,8.98658664
04-07-2020,4,7,2020,413,9,Algeria,DZ,DZA,43053054,Africa,8.28280382
03-07-2020,3,7,2020,385,8,Algeria,DZ,DZA,43053054,Africa,7.59992543
02-07-2020,2,7,2020,365,8,Algeria,DZ,DZA,43053054,Africa,6.97743765
01-07-2020,1,7,2020,336,7,Algeria,DZ,DZA,43053054,Africa,6.41069505
30-06-2020,30,6,2020,298,8,Algeria,DZ,DZA,43053054,Africa,5.89969761
29-06-2020,29,6,2020,305,5,Algeria,DZ,DZA,43053054,Africa,5.46767251
28-06-2020,28,6,2020,283,7,Algeria,DZ,DZA,43053054,Africa,5.01242026
27-06-2020,27,6,2020,240,7,Algeria,DZ,DZA,43053054,Africa,4.61523589
26-06-2020,26,6,2020,197,9,Algeria,DZ,DZA,43053054,Africa,4.31096015
25-06-2020,25,6,2020,172,8,Algeria,DZ,DZA,43053054,Africa,4.09727031
24-06-2020,24,6,2020,156,9,Algeria,DZ,DZA,43053054,Africa,3.93468022
23-06-2020,23,6,2020,149,7,Algeria,DZ,DZA,43053054,Africa,3.84409431
22-06-2020,22,6,2020,140,8,Algeria,DZ,DZA,43053054,Africa,3.75583112
21-06-2020,21,6,2020,127,12,Algeria,DZ,DZA,43053054,Africa,3.67221336
20-06-2020,20,6,2020,119,14,Algeria,DZ,DZA,43053054,Africa,3.64434077
19-06-2020,19,6,2020,117,12,Algeria,DZ,DZA,43053054,Africa,3.60950004
18-06-2020,18,6,2020,121,11,Algeria,DZ,DZA,43053054,Africa,3.81389901
17-06-2020,17,6,2020,116,11,Algeria,DZ,DZA,43053054,Africa,3.53285042
16-06-2020,16,6,2020,112,10,Algeria,DZ,DZA,43053054,Africa,3.52588228
15-06-2020,15,6,2020,109,7,Algeria,DZ,DZA,43053054,Africa,3.54214128
14-06-2020,14,6,2020,112,9,Algeria,DZ,DZA,43053054,Africa,3.58395017
13-06-2020,13,6,2020,109,10,Algeria,DZ,DZA,43053054,Africa,3.63272719
12-06-2020,12,6,2020,105,9,Algeria,DZ,DZA,43053054,Africa,3.69776323
11-06-2020,11,6,2020,102,8,Algeria,DZ,DZA,43053054,Africa,3.77905828
10-06-2020,10,6,2020,117,9,Algeria,DZ,DZA,43053054,Africa,3.91377578
09-06-2020,9,6,2020,111,8,Algeria,DZ,DZA,43053054,Africa,4.09262488
08-06-2020,8,6,2020,104,9,Algeria,DZ,DZA,43053054,Africa,4.29237842
07-06-2020,7,6,2020,115,8,Algeria,DZ,DZA,43053054,Africa,4.49910011
06-06-2020,6,6,2020,104,9,Algeria,DZ,DZA,43053054,Africa,4.68491736
05-06-2020,5,6,2020,205,14,Algeria,DZ,DZA,43053054,Africa,4.8846709
04-06-2020,4,6,2020,0,0,Algeria,DZ,DZA,43053054,Africa,4.8405393
03-06-2020,3,6,2020,113,6,Algeria,DZ,DZA,43053054,Africa,5.22378738
02-06-2020,2,6,2020,119,8,Algeria,DZ,DZA,43053054,Africa,5.37011846
01-06-2020,1,6,2020,127,7,Algeria,DZ,DZA,43053054,Africa,5.51644954
31-05-2020,31,5,2020,133,8,Algeria,DZ,DZA,43053054,Africa,5.68136235
30-05-2020,30,5,2020,137,8,Algeria,DZ,DZA,43053054,Africa,5.81840257
29-05-2020,29,5,2020,140,7,Algeria,DZ,DZA,43053054,Africa,5.93453835
28-05-2020,28,5,2020,160,6,Algeria,DZ,DZA,43053054,Africa,6.04835141
27-05-2020,27,5,2020,194,8,Algeria,DZ,DZA,43053054,Africa,6.10874202
26-05-2020,26,5,2020,197,9,Algeria,DZ,DZA,43053054,Africa,6.06693314
25-05-2020,25,5,2020,193,8,Algeria,DZ,DZA,43053054,Africa,5.99957439
24-05-2020,24,5,2020,195,10,Algeria,DZ,DZA,43053054,Africa,5.93453835
23-05-2020,23,5,2020,190,7,Algeria,DZ,DZA,43053054,Africa,5.92060206
22-05-2020,22,5,2020,186,7,Algeria,DZ,DZA,43053054,Africa,5.91363391
21-05-2020,21,5,2020,165,7,Algeria,DZ,DZA,43053054,Africa,5.91131119
20-05-2020,20,5,2020,176,6,Algeria,DZ,DZA,43053054,Africa,5.8973749
19-05-2020,19,5,2020,182,7,Algeria,DZ,DZA,43053054,Africa,5.92989292
18-05-2020,18,5,2020,198,6,Algeria,DZ,DZA,43053054,Africa,5.91131119
17-05-2020,17,5,2020,192,6,Algeria,DZ,DZA,43053054,Africa,5.8671796
16-05-2020,16,5,2020,187,7,Algeria,DZ,DZA,43053054,Africa,5.7487211
15-05-2020,15,5,2020,189,7,Algeria,DZ,DZA,43053054,Africa,5.65813519
14-05-2020,14,5,2020,186,7,Algeria,DZ,DZA,43053054,Africa,5.58613101
13-05-2020,13,5,2020,176,8,Algeria,DZ,DZA,43053054,Africa,5.61632631
12-05-2020,12,5,2020,168,5,Algeria,DZ,DZA,43053054,Africa,5.51412683
11-05-2020,11,5,2020,165,8,Algeria,DZ,DZA,43053054,Africa,5.43747721
10-05-2020,10,5,2020,189,6,Algeria,DZ,DZA,43053054,Africa,5.3468913
09-05-2020,9,5,2020,187,5,Algeria,DZ,DZA,43053054,Africa,5.20752837
08-05-2020,8,5,2020,185,7,Algeria,DZ,DZA,43053054,Africa,5.05190642
07-05-2020,7,5,2020,159,6,Algeria,DZ,DZA,43053054,Africa,4.84750745
06-05-2020,6,5,2020,190,5,Algeria,DZ,DZA,43053054,Africa,4.70814451
05-05-2020,5,5,2020,174,2,Algeria,DZ,DZA,43053054,Africa,4.4828411
04-05-2020,4,5,2020,179,4,Algeria,DZ,DZA,43053054,Africa,4.28541028
03-05-2020,3,5,2020,141,6,Algeria,DZ,DZA,43053054,Africa,4.08797945
02-05-2020,2,5,2020,148,3,Algeria,DZ,DZA,43053054,Africa,4.03223428
01-05-2020,1,5,2020,158,6,Algeria,DZ,DZA,43053054,Africa,4.03687971
30-04-2020,30,4,2020,199,7,Algeria,DZ,DZA,43053054,Africa,3.92074393
29-04-2020,29,4,2020,132,5,Algeria,DZ,DZA,43053054,Africa,3.66756793
28-04-2020,28,4,2020,135,7,Algeria,DZ,DZA,43053054,Africa,3.56304572
27-04-2020,27,4,2020,126,6,Algeria,DZ,DZA,43053054,Africa,3.4097465
26-04-2020,26,4,2020,129,4,Algeria,DZ,DZA,43053054,Africa,3.32380602
25-04-2020,25,4,2020,120,8,Algeria,DZ,DZA,43053054,Africa,3.1728295
24-04-2020,24,4,2020,97,5,Algeria,DZ,DZA,43053054,Africa,3.11476161
23-04-2020,23,4,2020,99,10,Algeria,DZ,DZA,43053054,Africa,3.10779347
22-04-2020,22,4,2020,93,8,Algeria,DZ,DZA,43053054,Africa,3.11940705
21-04-2020,21,4,2020,89,9,Algeria,DZ,DZA,43053054,Africa,3.0079167
20-04-2020,20,4,2020,94,8,Algeria,DZ,DZA,43053054,Africa,3.04043472
19-04-2020,19,4,2020,117,3,Algeria,DZ,DZA,43053054,Africa,2.98236683
18-04-2020,18,4,2020,150,16,Algeria,DZ,DZA,43053054,Africa,2.89642635
17-04-2020,17,4,2020,108,12,Algeria,DZ,DZA,43053054,Africa,2.97772139
16-04-2020,16,4,2020,90,11,Algeria,DZ,DZA,43053054,Africa,3.04972558
15-04-2020,15,4,2020,87,12,Algeria,DZ,DZA,43053054,Africa,3.14495692
14-04-2020,14,4,2020,69,20,Algeria,DZ,DZA,43053054,Africa,3.24947912
13-04-2020,13,4,2020,89,18,Algeria,DZ,DZA,43053054,Africa,3.25876998
12-04-2020,12,4,2020,64,19,Algeria,DZ,DZA,43053054,Africa,3.18444308
11-04-2020,11,4,2020,95,21,Algeria,DZ,DZA,43053054,Africa,3.14031149
10-04-2020,10,4,2020,94,30,Algeria,DZ,DZA,43053054,Africa,3.01720756
09-04-2020,9,4,2020,104,12,Algeria,DZ,DZA,43053054,Africa,2.94984881
08-04-2020,8,4,2020,45,20,Algeria,DZ,DZA,43053054,Africa,2.79654958
07-04-2020,7,4,2020,103,21,Algeria,DZ,DZA,43053054,Africa,2.77099971
06-04-2020,6,4,2020,69,22,Algeria,DZ,DZA,43053054,Africa,2.59911875
05-04-2020,5,4,2020,80,25,Algeria,DZ,DZA,43053054,Africa,2.58285974
04-04-2020,4,4,2020,185,42,Algeria,DZ,DZA,43053054,Africa,2.48298297
03-04-2020,3,4,2020,139,5,Algeria,DZ,DZA,43053054,Africa,2.08115317
02-04-2020,2,4,2020,131,14,Algeria,DZ,DZA,43053054,Africa,1.80010459
01-04-2020,1,4,2020,132,9,Algeria,DZ,DZA,43053054,Africa,1.52370143
31-03-2020,31,3,2020,73,4,Algeria,DZ,DZA,43053054,Africa,1.2217484
30-03-2020,30,3,2020,57,2,Algeria,DZ,DZA,43053054,Africa,1.07541732
29-03-2020,29,3,2020,45,3,Algeria,DZ,DZA,43053054,Africa,0.9685724
28-03-2020,28,3,2020,42,1,Algeria,DZ,DZA,43053054,Africa,0.88960007
27-03-2020,27,3,2020,65,4,Algeria,DZ,DZA,43053054,Africa,0.79436873
26-03-2020,26,3,2020,38,2,Algeria,DZ,DZA,43053054,Africa,0.6550058
25-03-2020,25,3,2020,34,2,Algeria,DZ,DZA,43053054,Africa,0.56674261
24-03-2020,24,3,2020,29,0,Algeria,DZ,DZA,43053054,Africa,0.49473842
23-03-2020,23,3,2020,62,2,Algeria,DZ,DZA,43053054,Africa,0.43899325
22-03-2020,22,3,2020,37,5,Algeria,DZ,DZA,43053054,Africa,0.31124389
21-03-2020,21,3,2020,12,3,Algeria,DZ,DZA,43053054,Africa,0.22994884
20-03-2020,20,3,2020,18,1,Algeria,DZ,DZA,43053054,Africa,0.20207626
19-03-2020,19,3,2020,12,1,Algeria,DZ,DZA,43053054,Africa,0.16491281
18-03-2020,18,3,2020,2,1,Algeria,DZ,DZA,43053054,Africa,0.13704022
17-03-2020,17,3,2020,10,0,Algeria,DZ,DZA,43053054,Africa,0.13239479
16-03-2020,16,3,2020,11,2,Algeria,DZ,DZA,43053054,Africa,0.10916763
15-03-2020,15,3,2020,11,0,Algeria,DZ,DZA,43053054,Africa,0.08594048
14-03-2020,14,3,2020,1,1,Algeria,DZ,DZA,43053054,Africa,0.06039061
13-03-2020,13,3,2020,5,1,Algeria,DZ,DZA,43053054,Africa,0.05806789
12-03-2020,12,3,2020,0,0,Algeria,DZ,DZA,43053054,Africa,0.04645431
09-03-2020,9,3,2020,3,0,Algeria,DZ,DZA,43053054,Africa,0.04645431
06-03-2020,6,3,2020,5,0,Algeria,DZ,DZA,43053054,Africa,0.03948617
05-03-2020,5,3,2020,7,0,Algeria,DZ,DZA,43053054,Africa,0.02787259
04-03-2020,4,3,2020,2,0,Algeria,DZ,DZA,43053054,Africa,0.01161358
02-03-2020,2,3,2020,0,0,Algeria,DZ,DZA,43053054,Africa,0.00696815
01-03-2020,1,3,2020,2,0,Algeria,DZ,DZA,43053054,Africa,0.00696815
29-02-2020,29,2,2020,0,0,Algeria,DZ,DZA,43053054,Africa,0.00232272
28-02-2020,28,2,2020,0,0,Algeria,DZ,DZA,43053054,Africa,0.00232272
27-02-2020,27,2,2020,0,0,Algeria,DZ,DZA,43053054,Africa,0.00232272
26-02-2020,26,2,2020,1,0,Algeria,DZ,DZA,43053054,Africa,0.00232272
25-02-2020,25,2,2020,0,0,Algeria,DZ,DZA,43053054,Africa,0
24-02-2020,24,2,2020,0,0,Algeria,DZ,DZA,43053054,Africa,0
23-02-2020,23,2,2020,0,0,Algeria,DZ,DZA,43053054,Africa,0
22-02-2020,22,2,2020,0,0,Algeria,DZ,DZA,43053054,Africa,0
21-02-2020,21,2,2020,0,0,Algeria,DZ,DZA,43053054,Africa,0
20-02-2020,20,2,2020,0,0,Algeria,DZ,DZA,43053054,Africa,0
19-02-2020,19,2,2020,0,0,Algeria,DZ,DZA,43053054,Africa,0
18-02-2020,18,2,2020,0,0,Algeria,DZ,DZA,43053054,Africa,0
17-02-2020,17,2,2020,0,0,Algeria,DZ,DZA,43053054,Africa,0
16-02-2020,16,2,2020,0,0,Algeria,DZ,DZA,43053054,Africa,0
15-02-2020,15,2,2020,0,0,Algeria,DZ,DZA,43053054,Africa,0
14-02-2020,14,2,2020,0,0,Algeria,DZ,DZA,43053054,Africa,0
13-02-2020,13,2,2020,0,0,Algeria,DZ,DZA,43053054,Africa,0
12-02-2020,12,2,2020,0,0,Algeria,DZ,DZA,43053054,Africa,0
11-02-2020,11,2,2020,0,0,Algeria,DZ,DZA,43053054,Africa,0
10-02-2020,10,2,2020,0,0,Algeria,DZ,DZA,43053054,Africa,0
09-02-2020,9,2,2020,0,0,Algeria,DZ,DZA,43053054,Africa,0
08-02-2020,8,2,2020,0,0,Algeria,DZ,DZA,43053054,Africa,0
07-02-2020,7,2,2020,0,0,Algeria,DZ,DZA,43053054,Africa,0
06-02-2020,6,2,2020,0,0,Algeria,DZ,DZA,43053054,Africa,0
05-02-2020,5,2,2020,0,0,Algeria,DZ,DZA,43053054,Africa,0
04-02-2020,4,2,2020,0,0,Algeria,DZ,DZA,43053054,Africa,0
03-02-2020,3,2,2020,0,0,Algeria,DZ,DZA,43053054,Africa,0
02-02-2020,2,2,2020,0,0,Algeria,DZ,DZA,43053054,Africa,0
01-02-2020,1,2,2020,0,0,Algeria,DZ,DZA,43053054,Africa,0
31-01-2020,31,1,2020,0,0,Algeria,DZ,DZA,43053054,Africa,0
30-01-2020,30,1,2020,0,0,Algeria,DZ,DZA,43053054,Africa,0
29-01-2020,29,1,2020,0,0,Algeria,DZ,DZA,43053054,Africa,0
28-01-2020,28,1,2020,0,0,Algeria,DZ,DZA,43053054,Africa,0
27-01-2020,27,1,2020,0,0,Algeria,DZ,DZA,43053054,Africa,0
26-01-2020,26,1,2020,0,0,Algeria,DZ,DZA,43053054,Africa,0
25-01-2020,25,1,2020,0,0,Algeria,DZ,DZA,43053054,Africa,0
24-01-2020,24,1,2020,0,0,Algeria,DZ,DZA,43053054,Africa,0
23-01-2020,23,1,2020,0,0,Algeria,DZ,DZA,43053054,Africa,0
22-01-2020,22,1,2020,0,0,Algeria,DZ,DZA,43053054,Africa,0
21-01-2020,21,1,2020,0,0,Algeria,DZ,DZA,43053054,Africa,0
20-01-2020,20,1,2020,0,0,Algeria,DZ,DZA,43053054,Africa,0
19-01-2020,19,1,2020,0,0,Algeria,DZ,DZA,43053054,Africa,0
18-01-2020,18,1,2020,0,0,Algeria,DZ,DZA,43053054,Africa,0
17-01-2020,17,1,2020,0,0,Algeria,DZ,DZA,43053054,Africa,0
16-01-2020,16,1,2020,0,0,Algeria,DZ,DZA,43053054,Africa,0
15-01-2020,15,1,2020,0,0,Algeria,DZ,DZA,43053054,Africa,0
14-01-2020,14,1,2020,0,0,Algeria,DZ,DZA,43053054,Africa,0
13-01-2020,13,1,2020,0,0,Algeria,DZ,DZA,43053054,Africa,0
12-01-2020,12,1,2020,0,0,Algeria,DZ,DZA,43053054,Africa,
11-01-2020,11,1,2020,0,0,Algeria,DZ,DZA,43053054,Africa,
10-01-2020,10,1,2020,0,0,Algeria,DZ,DZA,43053054,Africa,
09-01-2020,9,1,2020,0,0,Algeria,DZ,DZA,43053054,Africa,
08-01-2020,8,1,2020,0,0,Algeria,DZ,DZA,43053054,Africa,
07-01-2020,7,1,2020,0,0,Algeria,DZ,DZA,43053054,Africa,
06-01-2020,6,1,2020,0,0,Algeria,DZ,DZA,43053054,Africa,
05-01-2020,5,1,2020,0,0,Algeria,DZ,DZA,43053054,Africa,
04-01-2020,4,1,2020,0,0,Algeria,DZ,DZA,43053054,Africa,
03-01-2020,3,1,2020,0,0,Algeria,DZ,DZA,43053054,Africa,
02-01-2020,2,1,2020,0,0,Algeria,DZ,DZA,43053054,Africa,
01-01-2020,1,1,2020,0,0,Algeria,DZ,DZA,43053054,Africa,
31-12-2019,31,12,2019,0,0,Algeria,DZ,DZA,43053054,Africa,
14-07-2020,14,7,2020,3,0,Andorra,AD,AND,76177,Europe,3.93819657
13-07-2020,13,7,2020,0,0,Andorra,AD,AND,76177,Europe,0
12-07-2020,12,7,2020,0,0,Andorra,AD,AND,76177,Europe,0
11-07-2020,11,7,2020,0,0,Andorra,AD,AND,76177,Europe,0
10-07-2020,10,7,2020,0,0,Andorra,AD,AND,76177,Europe,0
09-07-2020,9,7,2020,0,0,Andorra,AD,AND,76177,Europe,0
08-07-2020,8,7,2020,0,0,Andorra,AD,AND,76177,Europe,0
07-07-2020,7,7,2020,0,0,Andorra,AD,AND,76177,Europe,0
06-07-2020,6,7,2020,0,0,Andorra,AD,AND,76177,Europe,0
05-07-2020,5,7,2020,0,0,Andorra,AD,AND,76177,Europe,0
04-07-2020,4,7,2020,0,0,Andorra,AD,AND,76177,Europe,0
03-07-2020,3,7,2020,0,0,Andorra,AD,AND,76177,Europe,0
02-07-2020,2,7,2020,0,0,Andorra,AD,AND,76177,Europe,1.31273219
01-07-2020,1,7,2020,0,0,Andorra,AD,AND,76177,Europe,1.31273219
30-06-2020,30,6,2020,0,0,Andorra,AD,AND,76177,Europe,2.62546438
29-06-2020,29,6,2020,0,0,Andorra,AD,AND,76177,Europe,2.62546438
28-06-2020,28,6,2020,0,0,Andorra,AD,AND,76177,Europe,2.62546438
27-06-2020,27,6,2020,0,0,Andorra,AD,AND,76177,Europe,2.62546438
26-06-2020,26,6,2020,0,0,Andorra,AD,AND,76177,Europe,3.93819657
25-06-2020,25,6,2020,0,0,Andorra,AD,AND,76177,Europe,3.93819657
24-06-2020,24,6,2020,0,0,Andorra,AD,AND,76177,Europe,3.93819657
23-06-2020,23,6,2020,0,0,Andorra,AD,AND,76177,Europe,3.93819657
22-06-2020,22,6,2020,0,0,Andorra,AD,AND,76177,Europe,3.93819657
21-06-2020,21,6,2020,0,0,Andorra,AD,AND,76177,Europe,3.93819657
20-06-2020,20,6,2020,0,0,Andorra,AD,AND,76177,Europe,3.93819657
19-06-2020,19,6,2020,1,0,Andorra,AD,AND,76177,Europe,3.93819657
18-06-2020,18,6,2020,0,0,Andorra,AD,AND,76177,Europe,3.93819657
17-06-2020,17,6,2020,1,1,Andorra,AD,AND,76177,Europe,13.1273219
16-06-2020,16,6,2020,0,0,Andorra,AD,AND,76177,Europe,115.52043268
15-06-2020,15,6,2020,0,0,Andorra,AD,AND,76177,Europe,116.83316487
14-06-2020,14,6,2020,0,0,Andorra,AD,AND,76177,Europe,116.83316487
13-06-2020,13,6,2020,1,0,Andorra,AD,AND,76177,Europe,116.83316487
12-06-2020,12,6,2020,0,0,Andorra,AD,AND,76177,Europe,116.83316487
11-06-2020,11,6,2020,0,0,Andorra,AD,AND,76177,Europe,116.83316487
10-06-2020,10,6,2020,0,0,Andorra,AD,AND,76177,Europe,116.83316487
09-06-2020,9,6,2020,0,0,Andorra,AD,AND,76177,Europe,116.83316487
08-06-2020,8,6,2020,0,0,Andorra,AD,AND,76177,Europe,116.83316487
07-06-2020,7,6,2020,0,0,Andorra,AD,AND,76177,Europe,118.14589706
06-06-2020,6,6,2020,0,0,Andorra,AD,AND,76177,Europe,118.14589706
05-06-2020,5,6,2020,1,0,Andorra,AD,AND,76177,Europe,118.14589706
04-06-2020,4,6,2020,7,0,Andorra,AD,AND,76177,Europe,116.83316487
03-06-2020,3,6,2020,79,0,Andorra,AD,AND,76177,Europe,108.95677173
02-06-2020,2,6,2020,1,0,Andorra,AD,AND,76177,Europe,5.25092876
01-06-2020,1,6,2020,0,0,Andorra,AD,AND,76177,Europe,3.93819657
31-05-2020,31,5,2020,0,0,Andorra,AD,AND,76177,Europe,3.93819657
30-05-2020,30,5,2020,1,0,Andorra,AD,AND,76177,Europe,3.93819657
29-05-2020,29,5,2020,0,0,Andorra,AD,AND,76177,Europe,2.62546438
28-05-2020,28,5,2020,0,0,Andorra,AD,AND,76177,Europe,3.93819657
27-05-2020,27,5,2020,0,0,Andorra,AD,AND,76177,Europe,6.56366095
26-05-2020,26,5,2020,0,0,Andorra,AD,AND,76177,Europe,9.18912533
25-05-2020,25,5,2020,1,0,Andorra,AD,AND,76177,Europe,10.50185752
24-05-2020,24,5,2020,0,0,Andorra,AD,AND,76177,Europe,10.50185752
23-05-2020,23,5,2020,0,0,Andorra,AD,AND,76177,Europe,13.1273219
22-05-2020,22,5,2020,0,0,Andorra,AD,AND,76177,Europe,13.1273219
21-05-2020,21,5,2020,1,0,Andorra,AD,AND,76177,Europe,14.44005408
20-05-2020,20,5,2020,0,0,Andorra,AD,AND,76177,Europe,13.1273219
19-05-2020,19,5,2020,0,0,Andorra,AD,AND,76177,Europe,14.44005408
18-05-2020,18,5,2020,0,0,Andorra,AD,AND,76177,Europe,17.06551846
17-05-2020,17,5,2020,0,2,Andorra,AD,AND,76177,Europe,18.37825065
16-05-2020,16,5,2020,0,0,Andorra,AD,AND,76177,Europe,19.69098284
15-05-2020,15,5,2020,1,0,Andorra,AD,AND,76177,Europe,21.00371503
14-05-2020,14,5,2020,2,1,Andorra,AD,AND,76177,Europe,22.31644722
13-05-2020,13,5,2020,2,0,Andorra,AD,AND,76177,Europe,19.69098284
12-05-2020,12,5,2020,1,0,Andorra,AD,AND,76177,Europe,17.06551846
11-05-2020,11,5,2020,1,0,Andorra,AD,AND,76177,Europe,19.69098284
10-05-2020,10,5,2020,2,1,Andorra,AD,AND,76177,Europe,27.56737598
09-05-2020,9,5,2020,0,0,Andorra,AD,AND,76177,Europe,27.56737598
08-05-2020,8,5,2020,1,1,Andorra,AD,AND,76177,Europe,36.75650131
07-05-2020,7,5,2020,0,0,Andorra,AD,AND,76177,Europe,36.75650131
06-05-2020,6,5,2020,1,1,Andorra,AD,AND,76177,Europe,44.63289444
05-05-2020,5,5,2020,2,0,Andorra,AD,AND,76177,Europe,43.32016225
04-05-2020,4,5,2020,1,1,Andorra,AD,AND,76177,Europe,45.94562663
03-05-2020,3,5,2020,1,1,Andorra,AD,AND,76177,Europe,56.44748415
02-05-2020,2,5,2020,1,1,Andorra,AD,AND,76177,Europe,65.63660948
01-05-2020,1,5,2020,2,0,Andorra,AD,AND,76177,Europe,82.70212794
30-04-2020,30,4,2020,0,1,Andorra,AD,AND,76177,Europe,91.89125327
29-04-2020,29,4,2020,0,1,Andorra,AD,AND,76177,Europe,110.26950392
28-04-2020,28,4,2020,3,0,Andorra,AD,AND,76177,Europe,127.33502238
27-04-2020,27,4,2020,7,0,Andorra,AD,AND,76177,Europe,133.89868333
26-04-2020,26,4,2020,2,0,Andorra,AD,AND,76177,Europe,145.71327304
25-04-2020,25,4,2020,7,3,Andorra,AD,AND,76177,Europe,170.65518464
24-04-2020,24,4,2020,1,0,Andorra,AD,AND,76177,Europe,185.09523872
23-04-2020,23,4,2020,6,0,Andorra,AD,AND,76177,Europe,208.72441813
22-04-2020,22,4,2020,0,1,Andorra,AD,AND,76177,Europe,225.7899366
21-04-2020,21,4,2020,4,0,Andorra,AD,AND,76177,Europe,250.7318482
20-04-2020,20,4,2020,9,1,Andorra,AD,AND,76177,Europe,278.29922418
19-04-2020,19,4,2020,8,0,Andorra,AD,AND,76177,Europe,312.4302611
18-04-2020,18,4,2020,14,2,Andorra,AD,AND,76177,Europe,337.3721727
17-04-2020,17,4,2020,9,0,Andorra,AD,AND,76177,Europe,333.43397613
16-04-2020,16,4,2020,14,2,Andorra,AD,AND,76177,Europe,371.50320963
15-04-2020,15,4,2020,13,2,Andorra,AD,AND,76177,Europe,371.50320963
14-04-2020,14,4,2020,8,0,Andorra,AD,AND,76177,Europe,362.3140843
13-04-2020,13,4,2020,16,1,Andorra,AD,AND,76177,Europe,399.07058561
12-04-2020,12,4,2020,21,2,Andorra,AD,AND,76177,Europe,412.1979075
11-04-2020,11,4,2020,18,1,Andorra,AD,AND,76177,Europe,438.4525513
10-04-2020,10,4,2020,19,2,Andorra,AD,AND,76177,Europe,471.27085603
09-04-2020,9,4,2020,19,1,Andorra,AD,AND,76177,Europe,493.58730325
08-04-2020,8,4,2020,19,1,Andorra,AD,AND,76177,Europe,500.1509642
07-04-2020,7,4,2020,25,3,Andorra,AD,AND,76177,Europe,515.90375048
06-04-2020,6,4,2020,35,1,Andorra,AD,AND,76177,Europe,509.34008953
05-04-2020,5,4,2020,27,1,Andorra,AD,AND,76177,Europe,496.21276763
04-04-2020,4,4,2020,11,1,Andorra,AD,AND,76177,Europe,477.83451698
03-04-2020,3,4,2020,38,1,Andorra,AD,AND,76177,Europe,463.3944629
02-04-2020,2,4,2020,14,2,Andorra,AD,AND,76177,Europe,442.39074786
01-04-2020,1,4,2020,6,4,Andorra,AD,AND,76177,Europe,475.2090526
31-03-2020,31,3,2020,36,2,Andorra,AD,AND,76177,Europe,467.33265946
30-03-2020,30,3,2020,26,2,Andorra,AD,AND,76177,Europe,431.88889035
29-03-2020,29,3,2020,41,1,Andorra,AD,AND,76177,Europe,401.69604999
28-03-2020,28,3,2020,43,0,Andorra,AD,AND,76177,Europe,349.18676241
27-03-2020,27,3,2020,36,3,Andorra,AD,AND,76177,Europe,294.05201045
26-03-2020,26,3,2020,24,0,Andorra,AD,AND,76177,Europe,
25-03-2020,25,3,2020,31,0,Andorra,AD,AND,76177,Europe,
24-03-2020,24,3,2020,20,0,Andorra,AD,AND,76177,Europe,
23-03-2020,23,3,2020,25,0,Andorra,AD,AND,76177,Europe,
22-03-2020,22,3,2020,13,0,Andorra,AD,AND,76177,Europe,
21-03-2020,21,3,2020,0,0,Andorra,AD,AND,76177,Europe,
20-03-2020,20,3,2020,22,0,Andorra,AD,AND,76177,Europe,
19-03-2020,19,3,2020,39,0,Andorra,AD,AND,76177,Europe,
18-03-2020,18,3,2020,0,0,Andorra,AD,AND,76177,Europe,
17-03-2020,17,3,2020,9,0,Andorra,AD,AND,76177,Europe,
16-03-2020,16,3,2020,3,0,Andorra,AD,AND,76177,Europe,
14-03-2020,14,3,2020,1,0,Andorra,AD,AND,76177,Europe,
03-03-2020,3,3,2020,1,0,Andorra,AD,AND,76177,Europe,